{
  "Linear Regression": {
    "rmse": 4294.8932128809065,
    "r2": 0.6881429127161585,
    "mae": 2784.320475446981,
    "mape": 45.219519973982344,
    "cv_r2_mean": 0.6487812948391714,
    "cv_r2_std": 0.014589188145202539
  },
  "Ridge (L2)": {
    "rmse": 4294.887952992309,
    "r2": 0.688143676568693,
    "mae": 2783.8408358858137,
    "mape": 45.200565028953406,
    "cv_r2_mean": 0.6488089679777584,
    "cv_r2_std": 0.014579250474642686
  },
  "Lasso (L1)": {
    "rmse": 4294.9400857786295,
    "r2": 0.6881361056900474,
    "mae": 2784.3466025816347,
    "mape": 45.21904150256972,
    "cv_r2_mean": 0.6487871448124244,
    "cv_r2_std": 0.014588001368569064
  },
  "KNN (k=5)": {
    "rmse": 3928.3486522995586,
    "r2": 0.7391018920949578,
    "mae": 2538.945840954615,
    "mape": 36.9961966876925,
    "cv_r2_mean": 0.6855559022963265,
    "cv_r2_std": 0.03573642958451479
  },
  "KNN (k=10)": {
    "rmse": 3915.1645550285048,
    "r2": 0.7408501757962546,
    "mae": 2513.727700211183,
    "mape": 37.51433905317688,
    "cv_r2_mean": 0.7019406007077157,
    "cv_r2_std": 0.02313781968745023
  },
  "Random Forest": {
    "rmse": 3639.9093543724152,
    "r2": 0.7760082540642094,
    "mae": 2298.147370930823,
    "mape": 32.80278476423129,
    "cv_r2_mean": 0.7484436945426951,
    "cv_r2_std": 0.026592251451378994
  },
  "Gradient Boosting": {
    "rmse": 3742.7441900289778,
    "r2": 0.76317302497405,
    "mae": 2316.2423460822265,
    "mape": 32.25740051646924,
    "cv_r2_mean": 0.7304398134379874,
    "cv_r2_std": 0.02584642692220967
  },
  "XGBoost": {
    "rmse": 3567.662989793697,
    "r2": 0.7848117645661199,
    "mae": 2294.844017944336,
    "mape": 32.56363085716505,
    "cv_r2_mean": 0.7388447075033454,
    "cv_r2_std": 0.03751139184127072
  }
}